{"situation_view_id":"5","situation_view_name":"South Sudan","situation_view_description":"The situation in South Sudan and neighbouring countries has quickly escalated into a full-blown humanitarian emergency. \r\nThe majority of the refugees are women and children, many of whom flee across the border alone. Often, they arrive weak and malnourished. When the rainy season comes, their needs are compounded by flooding, food shortages and disease.\r\nInside South Sudan, nearly two million people are displaced internally, while outside the country there are now over two million South Sudanese refugees, mainly in Ethiopia, Sudan, and Uganda. Many fear imminent attack or struggle with food insecurity. Uganda currently hosts the most South Sudanese refugees, having taken in more than one million.","data":[{"geomaster_name":"Yumbe","geomaster_id":6032,"admin_level":"District","centroid_lon":"31.300604750391","centroid_lat":"3.5385950999296","lat_max":4.1784522427867,"lon_max":32.132419036105,"lat_min":2.8987379570724,"lon_min":30.468790464676,"source":"Office of the Prime Minister","date":"2018-10-31","month":"10","year":"2018","population_groups_concat":"Registered refugees from South Sudan (refugee camps\/centers) (Uganda OPM)","population_group_id":"5071","individuals_type":"1","demography_type":"1","individuals":"222958","households":"0","population_groups":[{"id":"5071","name":"Registered refugees from South Sudan (refugee camps\/centers) (Uganda OPM)","pop_accommodation_code":"C","pop_accommodation_name":"Refugee Camps\/Centers","pop_data_type_code":"REG","pop_data_type_name":"Registered","pop_type_code":"REF","pop_type_name":"Refugees","pop_frequency_name":"Daily","pop_frequency_code":"D","pop_frequency_cumulative":"cumulative","pop_frequency_cumulative_code":"C","pop_origin_name":"South Sudan","pop_origin_code":"SSD"}],"published":false,"numChildren":"0","color":"#3c8dbc"},{"geomaster_name":"Adjumani","geomaster_id":1926,"admin_level":"District","centroid_lon":"31.778","centroid_lat":"3.45859","lat_max":4.0906166798865,"lon_max":32.799057142857,"lat_min":2.519510770406,"lon_min":30.756942857143,"source":"Office of the Prime Minister","date":"2018-10-31","month":"10","year":"2018","population_groups_concat":"Registered refugees from South Sudan (refugee camps\/centers) (Uganda OPM)","population_group_id":"5071","individuals_type":"1","demography_type":"1","individuals":"201885","households":"0","population_groups":[{"id":"5071","name":"Registered refugees from South Sudan (refugee camps\/centers) (Uganda OPM)","pop_accommodation_code":"C","pop_accommodation_name":"Refugee Camps\/Centers","pop_data_type_code":"REG","pop_data_type_name":"Registered","pop_type_code":"REF","pop_type_name":"Refugees","pop_frequency_name":"Daily","pop_frequency_code":"D","pop_frequency_cumulative":"cumulative","pop_frequency_cumulative_code":"C","pop_origin_name":"South Sudan","pop_origin_code":"SSD"}],"published":false,"numChildren":"14","color":"#3c8dbc"},{"geomaster_name":"Arua","geomaster_id":1941,"admin_level":"Region","centroid_lon":"31.2451","centroid_lat":"3.03081","lat_max":3.54581,"lon_max":31.9146,"lat_min":2.51581,"lon_min":30.5756,"source":"Office of the Prime Minister","date":"2018-10-31","month":"10","year":"2018","population_groups_concat":"Registered refugees from South Sudan (refugee camps\/centers) (Uganda OPM)","population_group_id":"5071","individuals_type":"1","demography_type":"1","individuals":"149373","households":"0","population_groups":[{"id":"5071","name":"Registered refugees from South Sudan (refugee camps\/centers) (Uganda OPM)","pop_accommodation_code":"C","pop_accommodation_name":"Refugee Camps\/Centers","pop_data_type_code":"REG","pop_data_type_name":"Registered","pop_type_code":"REF","pop_type_name":"Refugees","pop_frequency_name":"Daily","pop_frequency_code":"D","pop_frequency_cumulative":"cumulative","pop_frequency_cumulative_code":"C","pop_origin_name":"South Sudan","pop_origin_code":"SSD"}],"published":false,"numChildren":"3","color":"#3c8dbc"},{"geomaster_name":"Moyo","geomaster_id":6031,"admin_level":"District","centroid_lon":"31.72769825625","centroid_lat":"3.6208317878965","lat_max":4.0984032164679,"lon_max":32.348541113393,"lat_min":3.1432603593251,"lon_min":31.106855399107,"source":"Office of the Prime Minister","date":"2018-10-31","month":"10","year":"2018","population_groups_concat":"Registered refugees from South Sudan (refugee camps\/centers) (Uganda OPM)","population_group_id":"5071","individuals_type":"1","demography_type":"1","individuals":"118377","households":"0","population_groups":[{"id":"5071","name":"Registered refugees from South Sudan (refugee camps\/centers) (Uganda OPM)","pop_accommodation_code":"C","pop_accommodation_name":"Refugee Camps\/Centers","pop_data_type_code":"REG","pop_data_type_name":"Registered","pop_type_code":"REF","pop_type_name":"Refugees","pop_frequency_name":"Daily","pop_frequency_code":"D","pop_frequency_cumulative":"cumulative","pop_frequency_cumulative_code":"C","pop_origin_name":"South Sudan","pop_origin_code":"SSD"}],"published":false,"numChildren":"0","color":"#3c8dbc"},{"geomaster_name":"Kiryandongo","geomaster_id":1948,"admin_level":"District","centroid_lon":"32.180172222","centroid_lat":"1.940341667","lat_max":2.9029130955714,"lon_max":33.431515079143,"lat_min":0.97777023842857,"lon_min":30.928829364857,"source":"Office of the Prime Minister","date":"2018-10-31","month":"10","year":"2018","population_groups_concat":"Registered refugees from South Sudan (refugee camps\/centers) (Uganda OPM)","population_group_id":"5071","individuals_type":"1","demography_type":"1","individuals":"53221","households":"0","population_groups":[{"id":"5071","name":"Registered refugees from South Sudan (refugee camps\/centers) (Uganda OPM)","pop_accommodation_code":"C","pop_accommodation_name":"Refugee Camps\/Centers","pop_data_type_code":"REG","pop_data_type_name":"Registered","pop_type_code":"REF","pop_type_name":"Refugees","pop_frequency_name":"Daily","pop_frequency_code":"D","pop_frequency_cumulative":"cumulative","pop_frequency_cumulative_code":"C","pop_origin_name":"South Sudan","pop_origin_code":"SSD"}],"published":false,"numChildren":"1","color":"#3c8dbc"},{"geomaster_name":"Lamwo","geomaster_id":6030,"admin_level":"District","centroid_lon":"32.5372741","centroid_lat":"3.5707568","lat_max":4.0640425142857,"lon_max":33.178545528571,"lat_min":3.0774710857143,"lon_min":31.896002671429,"source":"Office of the Prime Minister","date":"2018-10-31","month":"10","year":"2018","population_groups_concat":"Registered refugees from South Sudan (refugee camps\/centers) (Uganda OPM)","population_group_id":"5071","individuals_type":"1","demography_type":"1","individuals":"33397","households":"0","population_groups":[{"id":"5071","name":"Registered refugees from South Sudan (refugee camps\/centers) (Uganda OPM)","pop_accommodation_code":"C","pop_accommodation_name":"Refugee Camps\/Centers","pop_data_type_code":"REG","pop_data_type_name":"Registered","pop_type_code":"REF","pop_type_name":"Refugees","pop_frequency_name":"Daily","pop_frequency_code":"D","pop_frequency_cumulative":"cumulative","pop_frequency_cumulative_code":"C","pop_origin_name":"South Sudan","pop_origin_code":"SSD"}],"published":false,"numChildren":"0","color":"#3c8dbc"},{"geomaster_name":"Hoima","geomaster_id":1945,"admin_level":"Region","centroid_lon":"31.355","centroid_lat":"1.42258","lat_max":2.0438657142857,"lon_max":32.162671428571,"lat_min":0.80129428571429,"lon_min":30.547328571429,"source":"Office of the Prime Minister","date":"2018-10-31","month":"10","year":"2018","population_groups_concat":"Registered refugees from South Sudan (refugee camps\/centers) (Uganda OPM)","population_group_id":"5071","individuals_type":"1","demography_type":"1","individuals":"3125","households":"0","population_groups":[{"id":"5071","name":"Registered refugees from South Sudan (refugee camps\/centers) (Uganda OPM)","pop_accommodation_code":"C","pop_accommodation_name":"Refugee Camps\/Centers","pop_data_type_code":"REG","pop_data_type_name":"Registered","pop_type_code":"REF","pop_type_name":"Refugees","pop_frequency_name":"Daily","pop_frequency_code":"D","pop_frequency_cumulative":"cumulative","pop_frequency_cumulative_code":"C","pop_origin_name":"South Sudan","pop_origin_code":"SSD"}],"published":false,"numChildren":"1","color":"#3c8dbc"},{"geomaster_name":"Kampala","geomaster_id":6033,"admin_level":"District","centroid_lon":"32.5825197","centroid_lat":"0.76505626555677","lat_max":1.0965982031758,"lon_max":33.429788059375,"lat_min":-0.2914912869263,"lon_min":31.625388059375,"source":"Office of the Prime Minister","date":"2018-10-31","month":"10","year":"2018","population_groups_concat":"Registered refugees from South Sudan (refugee camps\/centers) (Uganda OPM)","population_group_id":"5071","individuals_type":"1","demography_type":"1","individuals":"2551","households":"0","population_groups":[{"id":"5071","name":"Registered refugees from South Sudan (refugee camps\/centers) (Uganda OPM)","pop_accommodation_code":"C","pop_accommodation_name":"Refugee Camps\/Centers","pop_data_type_code":"REG","pop_data_type_name":"Registered","pop_type_code":"REF","pop_type_name":"Refugees","pop_frequency_name":"Daily","pop_frequency_code":"D","pop_frequency_cumulative":"cumulative","pop_frequency_cumulative_code":"C","pop_origin_name":"South Sudan","pop_origin_code":"SSD"}],"published":false,"numChildren":"1","color":"#3c8dbc"},{"geomaster_name":"Isingiro","geomaster_id":6024,"admin_level":"District","centroid_lon":"30.8039474","centroid_lat":"-0.843543","lat_max":-0.44882871428571,"lon_max":31.317075971428,"lat_min":-1.2382572857143,"lon_min":30.290818828571,"source":"Office of the Prime Minister","date":"2018-10-31","month":"10","year":"2018","population_groups_concat":"Registered refugees from South Sudan (refugee camps\/centers) (Uganda OPM)","population_group_id":"5071","individuals_type":"1","demography_type":"1","individuals":"158","households":"0","population_groups":[{"id":"5071","name":"Registered refugees from South Sudan (refugee camps\/centers) (Uganda OPM)","pop_accommodation_code":"C","pop_accommodation_name":"Refugee Camps\/Centers","pop_data_type_code":"REG","pop_data_type_name":"Registered","pop_type_code":"REF","pop_type_name":"Refugees","pop_frequency_name":"Daily","pop_frequency_code":"D","pop_frequency_cumulative":"cumulative","pop_frequency_cumulative_code":"C","pop_origin_name":"South Sudan","pop_origin_code":"SSD"}],"published":false,"numChildren":"2","color":"#3c8dbc"},{"geomaster_name":"Kamwenge","geomaster_id":7101,"admin_level":"Province","centroid_lon":"30.4818446","centroid_lat":"0.225793","lat_max":0.81850728571429,"lon_max":31.252373171429,"lat_min":-0.36692128571429,"lon_min":29.711316028571,"source":"Office of the Prime Minister","date":"2018-10-31","month":"10","year":"2018","population_groups_concat":"Registered refugees from South Sudan (refugee camps\/centers) (Uganda OPM)","population_group_id":"5071","individuals_type":"1","demography_type":"1","individuals":"34","households":"0","population_groups":[{"id":"5071","name":"Registered refugees from South Sudan (refugee camps\/centers) (Uganda OPM)","pop_accommodation_code":"C","pop_accommodation_name":"Refugee Camps\/Centers","pop_data_type_code":"REG","pop_data_type_name":"Registered","pop_type_code":"REF","pop_type_name":"Refugees","pop_frequency_name":"Daily","pop_frequency_code":"D","pop_frequency_cumulative":"cumulative","pop_frequency_cumulative_code":"C","pop_origin_name":"South Sudan","pop_origin_code":"SSD"}],"published":false,"numChildren":"0","color":"#3c8dbc"},{"geomaster_name":"Kyegegwa","geomaster_id":6027,"admin_level":"District","centroid_lon":"31.0550093","centroid_lat":"0.4818193","lat_max":1.6249621571429,"lon_max":32.541095014286,"lat_min":-0.66132355714286,"lon_min":29.568923585714,"source":"Office of the Prime Minister","date":"2018-10-31","month":"10","year":"2018","population_groups_concat":"Registered refugees from South Sudan (refugee camps\/centers) (Uganda OPM)","population_group_id":"5071","individuals_type":"1","demography_type":"1","individuals":"22","households":"0","population_groups":[{"id":"5071","name":"Registered refugees from South Sudan (refugee camps\/centers) (Uganda OPM)","pop_accommodation_code":"C","pop_accommodation_name":"Refugee Camps\/Centers","pop_data_type_code":"REG","pop_data_type_name":"Registered","pop_type_code":"REF","pop_type_name":"Refugees","pop_frequency_name":"Daily","pop_frequency_code":"D","pop_frequency_cumulative":"cumulative","pop_frequency_cumulative_code":"C","pop_origin_name":"South Sudan","pop_origin_code":"SSD"}],"published":false,"numChildren":"0","color":"#3c8dbc"},{"geomaster_name":"Koboko","geomaster_id":7102,"admin_level":"Settlement","centroid_lon":"30.959078346033","centroid_lat":"3.4168206195287","lat_max":3.6911329368314,"lon_max":31.295641710988,"lat_min":3.147991632068,"lon_min":30.589555996702,"source":"Office of the Prime Minister","date":"2018-10-31","month":"10","year":"2018","population_groups_concat":"Registered refugees from South Sudan (refugee camps\/centers) (Uganda OPM)","population_group_id":"5071","individuals_type":"1","demography_type":"1","individuals":"3","households":"0","population_groups":[{"id":"5071","name":"Registered refugees from South Sudan (refugee camps\/centers) (Uganda OPM)","pop_accommodation_code":"C","pop_accommodation_name":"Refugee Camps\/Centers","pop_data_type_code":"REG","pop_data_type_name":"Registered","pop_type_code":"REF","pop_type_name":"Refugees","pop_frequency_name":"Daily","pop_frequency_code":"D","pop_frequency_cumulative":"cumulative","pop_frequency_cumulative_code":"C","pop_origin_name":"South Sudan","pop_origin_code":"SSD"}],"published":false,"numChildren":"0","color":"#3c8dbc"}],"title_language_ar":"","title_language_en":"Breakdown by District","title_language_es":"","title_language_fr":"","subtitle_language_ar":"","subtitle_language_en":"","subtitle_language_es":"","subtitle_language_fr":"","limit":"","color":"#3c8dbc","frequency":"day","chartType":"areaspline"}