{"situation_view_id":"5","situation_view_name":"South Sudan","situation_view_description":"The situation in South Sudan and neighbouring countries has quickly escalated into a full-blown humanitarian emergency. \r\nThe majority of the refugees are women and children, many of whom flee across the border alone. Often, they arrive weak and malnourished. When the rainy season comes, their needs are compounded by flooding, food shortages and disease.\r\nInside South Sudan, nearly two million people are displaced internally, while outside the country there are now over two million South Sudanese refugees, mainly in Ethiopia, Sudan, and Uganda. Many fear imminent attack or struggle with food insecurity. Uganda currently hosts the most South Sudanese refugees, having taken in more than one million.","data":[{"geomaster_name":"Khartoum","geomaster_id":1907,"admin_level":"Town","centroid_lon":"32","centroid_lat":"15","lat_max":22,"lon_max":39,"lat_min":8,"lon_min":25,"source":"UNHCR, IOM, SRCS, COR, HAC","date":"2017-11-15","month":"11","year":"2017","population_groups_concat":"Registered refugees from South Sudan  (refugee camps\/centers, UNHCR, COR, IOM, HAC, SRCS)","population_group_id":"5072","individuals_type":"1","demography_type":"1","individuals":"285705","households":"0","population_groups":[{"id":"5072","name":"Registered refugees from South Sudan  (refugee camps\/centers, UNHCR, COR, IOM, HAC, SRCS)","pop_accommodation_code":null,"pop_accommodation_name":null,"pop_data_type_code":"REG","pop_data_type_name":"Registered","pop_type_code":"REF","pop_type_name":"Refugees","pop_frequency_name":"Daily","pop_frequency_code":"D","pop_frequency_cumulative":"cumulative","pop_frequency_cumulative_code":"C","pop_origin_name":"South Sudan","pop_origin_code":"SSD"}],"published":false,"numChildren":"0","color":"#3c8dbc"},{"geomaster_name":"White Nile","geomaster_id":1913,"admin_level":"Region","centroid_lon":"32.42","centroid_lat":"13.34","lat_max":20.34,"lon_max":39.42,"lat_min":8.5186840083288,"lon_min":25.42,"source":"UNHCR, IOM, SRCS, COR, HAC","date":"2018-10-31","month":"10","year":"2018","population_groups_concat":"Registered refugees from South Sudan  (refugee camps\/centers, UNHCR, COR, IOM, HAC, SRCS)","population_group_id":"5072","individuals_type":"1","demography_type":"1","individuals":"176224","households":"0","population_groups":[{"id":"5072","name":"Registered refugees from South Sudan  (refugee camps\/centers, UNHCR, COR, IOM, HAC, SRCS)","pop_accommodation_code":null,"pop_accommodation_name":null,"pop_data_type_code":"REG","pop_data_type_name":"Registered","pop_type_code":"REF","pop_type_name":"Refugees","pop_frequency_name":"Daily","pop_frequency_code":"D","pop_frequency_cumulative":"cumulative","pop_frequency_cumulative_code":"C","pop_origin_name":"South Sudan","pop_origin_code":"SSD"}],"published":false,"numChildren":"0","color":"#3c8dbc"},{"geomaster_name":"East Darfur","geomaster_id":1906,"admin_level":"Region","centroid_lon":"26.84400000000005","centroid_lat":"11.077","lat_max":12.101714285714,"lon_max":28.176128571429,"lat_min":10.052285714286,"lon_min":25.511871428571,"source":"UNHCR, IOM, SRCS, COR, HAC","date":"2018-10-31","month":"10","year":"2018","population_groups_concat":"Registered refugees from South Sudan  (refugee camps\/centers, UNHCR, COR, IOM, HAC, SRCS)","population_group_id":"5072","individuals_type":"1","demography_type":"1","individuals":"99023","households":"0","population_groups":[{"id":"5072","name":"Registered refugees from South Sudan  (refugee camps\/centers, UNHCR, COR, IOM, HAC, SRCS)","pop_accommodation_code":null,"pop_accommodation_name":null,"pop_data_type_code":"REG","pop_data_type_name":"Registered","pop_type_code":"REF","pop_type_name":"Refugees","pop_frequency_name":"Daily","pop_frequency_code":"D","pop_frequency_cumulative":"cumulative","pop_frequency_cumulative_code":"C","pop_origin_name":"South Sudan","pop_origin_code":"SSD"}],"published":false,"numChildren":"0","color":"#3c8dbc"},{"geomaster_name":"West Kordofan","geomaster_id":1912,"admin_level":"Region","centroid_lon":"28.32939910890002","centroid_lat":"11.7192001343","lat_max":13.359057277157,"lon_max":30.461213394614,"lat_min":10.079342991443,"lon_min":26.197584823186,"source":"UNHCR, IOM, SRCS, COR, HAC","date":"2018-10-31","month":"10","year":"2018","population_groups_concat":"Registered refugees from South Sudan  (refugee camps\/centers, UNHCR, COR, IOM, HAC, SRCS)","population_group_id":"5072","individuals_type":"1","demography_type":"1","individuals":"58743","households":"0","population_groups":[{"id":"5072","name":"Registered refugees from South Sudan  (refugee camps\/centers, UNHCR, COR, IOM, HAC, SRCS)","pop_accommodation_code":null,"pop_accommodation_name":null,"pop_data_type_code":"REG","pop_data_type_name":"Registered","pop_type_code":"REF","pop_type_name":"Refugees","pop_frequency_name":"Daily","pop_frequency_code":"D","pop_frequency_cumulative":"cumulative","pop_frequency_cumulative_code":"C","pop_origin_name":"South Sudan","pop_origin_code":"SSD"}],"published":false,"numChildren":"0","color":"#3c8dbc"},{"geomaster_name":"South Kordofan","geomaster_id":1911,"admin_level":"Region","centroid_lon":"30.91592407229996","centroid_lat":"10.884764370886332","lat_max":12.4862002106,"lon_max":31.6430006348,"lat_min":9.5422002106,"lon_min":27.8158006348,"source":"UNHCR, IOM, SRCS, COR, HAC","date":"2018-10-31","month":"10","year":"2018","population_groups_concat":"Registered refugees from South Sudan  (refugee camps\/centers, UNHCR, COR, IOM, HAC, SRCS)","population_group_id":"5072","individuals_type":"1","demography_type":"1","individuals":"38225","households":"0","population_groups":[{"id":"5072","name":"Registered refugees from South Sudan  (refugee camps\/centers, UNHCR, COR, IOM, HAC, SRCS)","pop_accommodation_code":null,"pop_accommodation_name":null,"pop_data_type_code":"REG","pop_data_type_name":"Registered","pop_type_code":"REF","pop_type_name":"Refugees","pop_frequency_name":"Daily","pop_frequency_code":"D","pop_frequency_cumulative":"cumulative","pop_frequency_cumulative_code":"C","pop_origin_name":"South Sudan","pop_origin_code":"SSD"}],"published":false,"numChildren":"0","color":"#3c8dbc"},{"geomaster_name":"South Darfur","geomaster_id":1910,"admin_level":"Region","centroid_lon":"24.882356000000073","centroid_lat":"11.669058","lat_max":12.397629428571,"lon_max":25.829498857143,"lat_min":10.940486571429,"lon_min":23.935213142857,"source":"UNHCR, IOM, SRCS, COR, HAC","date":"2018-10-31","month":"10","year":"2018","population_groups_concat":"Registered refugees from South Sudan  (refugee camps\/centers, UNHCR, COR, IOM, HAC, SRCS)","population_group_id":"5072","individuals_type":"1","demography_type":"1","individuals":"29942","households":"0","population_groups":[{"id":"5072","name":"Registered refugees from South Sudan  (refugee camps\/centers, UNHCR, COR, IOM, HAC, SRCS)","pop_accommodation_code":null,"pop_accommodation_name":null,"pop_data_type_code":"REG","pop_data_type_name":"Registered","pop_type_code":"REF","pop_type_name":"Refugees","pop_frequency_name":"Daily","pop_frequency_code":"D","pop_frequency_cumulative":"cumulative","pop_frequency_cumulative_code":"C","pop_origin_name":"South Sudan","pop_origin_code":"SSD"}],"published":false,"numChildren":"0","color":"#3c8dbc"},{"geomaster_name":"North Darfur","geomaster_id":6040,"admin_level":"Region","centroid_lon":"26.729736000000003","centroid_lat":"12.275599","lat_max":14.206599,"lon_max":29.240036,"lat_min":10.344599,"lon_min":24.219436,"source":"UNHCR, IOM, SRCS, COR, HAC","date":"2018-10-31","month":"10","year":"2018","population_groups_concat":"Registered refugees from South Sudan  (refugee camps\/centers, UNHCR, COR, IOM, HAC, SRCS)","population_group_id":"5072","individuals_type":"1","demography_type":"1","individuals":"18445","households":"0","population_groups":[{"id":"5072","name":"Registered refugees from South Sudan  (refugee camps\/centers, UNHCR, COR, IOM, HAC, SRCS)","pop_accommodation_code":null,"pop_accommodation_name":null,"pop_data_type_code":"REG","pop_data_type_name":"Registered","pop_type_code":"REF","pop_type_name":"Refugees","pop_frequency_name":"Daily","pop_frequency_code":"D","pop_frequency_cumulative":"cumulative","pop_frequency_cumulative_code":"C","pop_origin_name":"South Sudan","pop_origin_code":"SSD"}],"published":false,"numChildren":"0","color":"#3c8dbc"},{"geomaster_name":"Gedaref","geomaster_id":7053,"admin_level":"Region","centroid_lon":"35.112362689000065","centroid_lat":"14.118662921","lat_max":15.798234349571,"lon_max":37.295805546143,"lat_min":12.439091492429,"lon_min":32.928919831857,"source":"UNHCR, IOM, SRCS, COR, HAC","date":"2018-01-31","month":"1","year":"2018","population_groups_concat":"Registered refugees from South Sudan  (refugee camps\/centers, UNHCR, COR, IOM, HAC, SRCS)","population_group_id":"5072","individuals_type":"1","demography_type":"1","individuals":"12450","households":"0","population_groups":[{"id":"5072","name":"Registered refugees from South Sudan  (refugee camps\/centers, UNHCR, COR, IOM, HAC, SRCS)","pop_accommodation_code":null,"pop_accommodation_name":null,"pop_data_type_code":"REG","pop_data_type_name":"Registered","pop_type_code":"REF","pop_type_name":"Refugees","pop_frequency_name":"Daily","pop_frequency_code":"D","pop_frequency_cumulative":"cumulative","pop_frequency_cumulative_code":"C","pop_origin_name":"South Sudan","pop_origin_code":"SSD"}],"published":false,"numChildren":"0","color":"#3c8dbc"},{"geomaster_name":"Red Sea","geomaster_id":7057,"admin_level":"Region","centroid_lon":"35.71660731049997","centroid_lat":"19.6202628616","lat_max":20.941691433029,"lon_max":37.434464453357,"lat_min":18.298834290171,"lon_min":33.998750167643,"source":"UNHCR, IOM, SRCS, COR, HAC","date":"2017-11-15","month":"11","year":"2017","population_groups_concat":"Registered refugees from South Sudan  (refugee camps\/centers, UNHCR, COR, IOM, HAC, SRCS)","population_group_id":"5072","individuals_type":"1","demography_type":"1","individuals":"10000","households":"0","population_groups":[{"id":"5072","name":"Registered refugees from South Sudan  (refugee camps\/centers, UNHCR, COR, IOM, HAC, SRCS)","pop_accommodation_code":null,"pop_accommodation_name":null,"pop_data_type_code":"REG","pop_data_type_name":"Registered","pop_type_code":"REF","pop_type_name":"Refugees","pop_frequency_name":"Daily","pop_frequency_code":"D","pop_frequency_cumulative":"cumulative","pop_frequency_cumulative_code":"C","pop_origin_name":"South Sudan","pop_origin_code":"SSD"}],"published":false,"numChildren":"0","color":"#3c8dbc"},{"geomaster_name":"North Kordofan","geomaster_id":1908,"admin_level":"Region","centroid_lon":"30.24489974979997","centroid_lat":"13.167599678","lat_max":14.827171106571,"lon_max":32.402342606943,"lat_min":11.508028249429,"lon_min":28.087456892657,"source":"UNHCR, IOM, SRCS, COR, HAC","date":"2017-11-15","month":"11","year":"2017","population_groups_concat":"Registered refugees from South Sudan  (refugee camps\/centers, UNHCR, COR, IOM, HAC, SRCS)","population_group_id":"5072","individuals_type":"1","demography_type":"1","individuals":"8563","households":"0","population_groups":[{"id":"5072","name":"Registered refugees from South Sudan  (refugee camps\/centers, UNHCR, COR, IOM, HAC, SRCS)","pop_accommodation_code":null,"pop_accommodation_name":null,"pop_data_type_code":"REG","pop_data_type_name":"Registered","pop_type_code":"REF","pop_type_name":"Refugees","pop_frequency_name":"Daily","pop_frequency_code":"D","pop_frequency_cumulative":"cumulative","pop_frequency_cumulative_code":"C","pop_origin_name":"South Sudan","pop_origin_code":"SSD"}],"published":false,"numChildren":"0","color":"#3c8dbc"},{"geomaster_name":"Blue Nile","geomaster_id":1905,"admin_level":"Settlement","centroid_lon":"34.1","centroid_lat":"11.42","lat_max":18.42,"lon_max":37.9359375,"lat_min":8.8711543984316,"lon_min":27.1,"source":"UNHCR, IOM, SRCS, COR, HAC","date":"2018-01-31","month":"1","year":"2018","population_groups_concat":"Registered refugees from South Sudan  (refugee camps\/centers, UNHCR, COR, IOM, HAC, SRCS)","population_group_id":"5072","individuals_type":"1","demography_type":"1","individuals":"7660","households":"0","population_groups":[{"id":"5072","name":"Registered refugees from South Sudan  (refugee camps\/centers, UNHCR, COR, IOM, HAC, SRCS)","pop_accommodation_code":null,"pop_accommodation_name":null,"pop_data_type_code":"REG","pop_data_type_name":"Registered","pop_type_code":"REF","pop_type_name":"Refugees","pop_frequency_name":"Daily","pop_frequency_code":"D","pop_frequency_cumulative":"cumulative","pop_frequency_cumulative_code":"C","pop_origin_name":"South Sudan","pop_origin_code":"SSD"}],"published":false,"numChildren":"0","color":"#3c8dbc"},{"geomaster_name":"Kassala","geomaster_id":7054,"admin_level":"Province","centroid_lon":"35.809901570299985","centroid_lat":"15.8211820553","lat_max":16.8121820553,"lon_max":37.0982015703,"lat_min":14.8301820553,"lon_min":34.5216015703,"source":"UNHCR, IOM, SRCS, COR, HAC","date":"2017-11-15","month":"11","year":"2017","population_groups_concat":"Registered refugees from South Sudan  (refugee camps\/centers, UNHCR, COR, IOM, HAC, SRCS)","population_group_id":"5072","individuals_type":"1","demography_type":"1","individuals":"7600","households":"0","population_groups":[{"id":"5072","name":"Registered refugees from South Sudan  (refugee camps\/centers, UNHCR, COR, IOM, HAC, SRCS)","pop_accommodation_code":null,"pop_accommodation_name":null,"pop_data_type_code":"REG","pop_data_type_name":"Registered","pop_type_code":"REF","pop_type_name":"Refugees","pop_frequency_name":"Daily","pop_frequency_code":"D","pop_frequency_cumulative":"cumulative","pop_frequency_cumulative_code":"C","pop_origin_name":"South Sudan","pop_origin_code":"SSD"}],"published":false,"numChildren":"0","color":"#3c8dbc"},{"geomaster_name":"Sennar","geomaster_id":7058,"admin_level":"Region","centroid_lon":"34.04595995739999","centroid_lat":"12.9097660162","lat_max":14.026908873343,"lon_max":35.498245671686,"lat_min":11.792623159057,"lon_min":32.593674243114,"source":"UNHCR, IOM, SRCS, COR, HAC","date":"2017-11-15","month":"11","year":"2017","population_groups_concat":"Registered refugees from South Sudan  (refugee camps\/centers, UNHCR, COR, IOM, HAC, SRCS)","population_group_id":"5072","individuals_type":"1","demography_type":"1","individuals":"2500","households":"0","population_groups":[{"id":"5072","name":"Registered refugees from South Sudan  (refugee camps\/centers, UNHCR, COR, IOM, HAC, SRCS)","pop_accommodation_code":null,"pop_accommodation_name":null,"pop_data_type_code":"REG","pop_data_type_name":"Registered","pop_type_code":"REF","pop_type_name":"Refugees","pop_frequency_name":"Daily","pop_frequency_code":"D","pop_frequency_cumulative":"cumulative","pop_frequency_cumulative_code":"C","pop_origin_name":"South Sudan","pop_origin_code":"SSD"}],"published":false,"numChildren":"0","color":"#3c8dbc"},{"geomaster_name":"Nile","geomaster_id":7055,"admin_level":"Region","centroid_lon":"33.79276502699997","centroid_lat":"17.5942765091","lat_max":19.214562223386,"lon_max":35.899136455571,"lat_min":15.973990794814,"lon_min":31.686393598429,"source":"UNHCR, IOM, SRCS, COR, HAC","date":"2017-11-15","month":"11","year":"2017","population_groups_concat":"Registered refugees from South Sudan  (refugee camps\/centers, UNHCR, COR, IOM, HAC, SRCS)","population_group_id":"5072","individuals_type":"1","demography_type":"1","individuals":"2500","households":"0","population_groups":[{"id":"5072","name":"Registered refugees from South Sudan  (refugee camps\/centers, UNHCR, COR, IOM, HAC, SRCS)","pop_accommodation_code":null,"pop_accommodation_name":null,"pop_data_type_code":"REG","pop_data_type_name":"Registered","pop_type_code":"REF","pop_type_name":"Refugees","pop_frequency_name":"Daily","pop_frequency_code":"D","pop_frequency_cumulative":"cumulative","pop_frequency_cumulative_code":"C","pop_origin_name":"South Sudan","pop_origin_code":"SSD"}],"published":false,"numChildren":"0","color":"#3c8dbc"},{"geomaster_name":"Northern","geomaster_id":7056,"admin_level":"Province","centroid_lon":"29.323665889200015","centroid_lat":"19.583864791","lat_max":21.091579076714,"lon_max":31.283694460629,"lat_min":18.076150505286,"lon_min":27.363637317771,"source":"UNHCR, IOM, SRCS, COR, HAC","date":"2017-11-15","month":"11","year":"2017","population_groups_concat":"Registered refugees from South Sudan  (refugee camps\/centers, UNHCR, COR, IOM, HAC, SRCS)","population_group_id":"5072","individuals_type":"1","demography_type":"1","individuals":"2500","households":"0","population_groups":[{"id":"5072","name":"Registered refugees from South Sudan  (refugee camps\/centers, UNHCR, COR, IOM, HAC, SRCS)","pop_accommodation_code":null,"pop_accommodation_name":null,"pop_data_type_code":"REG","pop_data_type_name":"Registered","pop_type_code":"REF","pop_type_name":"Refugees","pop_frequency_name":"Daily","pop_frequency_code":"D","pop_frequency_cumulative":"cumulative","pop_frequency_cumulative_code":"C","pop_origin_name":"South Sudan","pop_origin_code":"SSD"}],"published":false,"numChildren":"0","color":"#3c8dbc"},{"geomaster_name":"Al Gezira","geomaster_id":7050,"admin_level":"District","centroid_lon":"33.276653242799966","centroid_lat":"14.5954319824","lat_max":15.949003410971,"lon_max":35.036296099943,"lat_min":13.241860553829,"lon_min":31.517010385657,"source":"UNHCR, IOM, SRCS, COR, HAC","date":"2018-01-31","month":"1","year":"2018","population_groups_concat":"Registered refugees from South Sudan  (refugee camps\/centers, UNHCR, COR, IOM, HAC, SRCS)","population_group_id":"5072","individuals_type":"1","demography_type":"1","individuals":"2500","households":"0","population_groups":[{"id":"5072","name":"Registered refugees from South Sudan  (refugee camps\/centers, UNHCR, COR, IOM, HAC, SRCS)","pop_accommodation_code":null,"pop_accommodation_name":null,"pop_data_type_code":"REG","pop_data_type_name":"Registered","pop_type_code":"REF","pop_type_name":"Refugees","pop_frequency_name":"Daily","pop_frequency_code":"D","pop_frequency_cumulative":"cumulative","pop_frequency_cumulative_code":"C","pop_origin_name":"South Sudan","pop_origin_code":"SSD"}],"published":false,"numChildren":"0","color":"#3c8dbc"},{"geomaster_name":"Central Darfur","geomaster_id":7051,"admin_level":"Region","centroid_lon":"23.3594466227","centroid_lat":"12.3284003282","lat_max":14.133257471057,"lon_max":25.705760908414,"lat_min":10.523543185343,"lon_min":21.013132336986,"source":"UNHCR, IOM, SRCS, COR, HAC","date":"2018-01-31","month":"1","year":"2018","population_groups_concat":"Registered refugees from South Sudan  (refugee camps\/centers, UNHCR, COR, IOM, HAC, SRCS)","population_group_id":"5072","individuals_type":"1","demography_type":"1","individuals":"1435","households":"0","population_groups":[{"id":"5072","name":"Registered refugees from South Sudan  (refugee camps\/centers, UNHCR, COR, IOM, HAC, SRCS)","pop_accommodation_code":null,"pop_accommodation_name":null,"pop_data_type_code":"REG","pop_data_type_name":"Registered","pop_type_code":"REF","pop_type_name":"Refugees","pop_frequency_name":"Daily","pop_frequency_code":"D","pop_frequency_cumulative":"cumulative","pop_frequency_cumulative_code":"C","pop_origin_name":"South Sudan","pop_origin_code":"SSD"}],"published":false,"numChildren":"0","color":"#3c8dbc"},{"geomaster_name":"West Darfur","geomaster_id":7052,"admin_level":"Region","centroid_lon":"22.617082056299978","centroid_lat":"13.5217587279","lat_max":15.438187299329,"lon_max":25.108439199157,"lat_min":11.605330156471,"lon_min":20.125724913443,"source":"UNHCR, IOM, SRCS, COR, HAC","date":"2017-11-15","month":"11","year":"2017","population_groups_concat":"Registered refugees from South Sudan  (refugee camps\/centers, UNHCR, COR, IOM, HAC, SRCS)","population_group_id":"5072","individuals_type":"1","demography_type":"1","individuals":"385","households":"0","population_groups":[{"id":"5072","name":"Registered refugees from South Sudan  (refugee camps\/centers, UNHCR, COR, IOM, HAC, SRCS)","pop_accommodation_code":null,"pop_accommodation_name":null,"pop_data_type_code":"REG","pop_data_type_name":"Registered","pop_type_code":"REF","pop_type_name":"Refugees","pop_frequency_name":"Daily","pop_frequency_code":"D","pop_frequency_cumulative":"cumulative","pop_frequency_cumulative_code":"C","pop_origin_name":"South Sudan","pop_origin_code":"SSD"}],"published":false,"numChildren":"0","color":"#3c8dbc"}],"title_language_ar":"","title_language_en":"Breakdown by State","title_language_es":"","title_language_fr":"","subtitle_language_ar":"","subtitle_language_en":"","subtitle_language_es":"","subtitle_language_fr":"","limit":"","color":"#3c8dbc","frequency":"day","chartType":"areaspline"}